code_insee,nom_commune,annee,type_bien,n_ventes,prix_m2_median,prix_median,surface_mediane,fiable
59005,Allennes-les-Marais,2021,Maison,50,2337.0,229025.0,102.0,true
59005,Allennes-les-Marais,2022,Maison,62,2425.0,231000.0,98.0,true
59005,Allennes-les-Marais,2023,Maison,24,1978.0,214425.0,100.0,true
59005,Allennes-les-Marais,2024,Maison,24,2222.0,210000.0,93.0,true
59005,Allennes-les-Marais,2025,Maison,30,2108.0,197500.0,95.0,true
59009,Villeneuve-d'Ascq,2021,Appartement,441,4537.0,112100.0,37.0,true
59009,Villeneuve-d'Ascq,2022,Appartement,301,2380.0,146000.0,64.0,true
59009,Villeneuve-d'Ascq,2023,Appartement,190,2556.0,160000.0,63.0,true
59009,Villeneuve-d'Ascq,2024,Appartement,172,2396.0,145000.0,66.0,true
59009,Villeneuve-d'Ascq,2025,Appartement,173,2567.0,146000.0,64.0,true
59009,Villeneuve-d'Ascq,2021,Maison,431,3000.0,288000.0,95.0,true
59009,Villeneuve-d'Ascq,2022,Maison,415,3293.0,292500.0,93.0,true
59009,Villeneuve-d'Ascq,2023,Maison,296,3064.0,278500.0,92.0,true
59009,Villeneuve-d'Ascq,2024,Maison,353,2922.0,267000.0,93.0,true
59009,Villeneuve-d'Ascq,2025,Maison,310,3075.0,279350.0,91.0,true
59011,Annœullin,2021,Appartement,10,2558.0,122200.0,63.0,true
59011,Annœullin,2022,Appartement,11,2634.0,160000.0,67.0,true
59011,Annœullin,2023,Appartement,9,1842.0,95000.0,52.0,false
59011,Annœullin,2024,Appartement,9,1842.0,118300.0,50.0,false
59011,Annœullin,2025,Appartement,14,2638.0,170800.0,65.0,true
59011,Annœullin,2021,Maison,114,2253.0,211793.0,92.0,true
59011,Annœullin,2022,Maison,97,2266.0,222000.0,91.0,true
59011,Annœullin,2023,Maison,78,2338.0,210108.0,91.0,true
59011,Annœullin,2024,Maison,70,2110.0,190000.0,92.0,true
59011,Annœullin,2025,Maison,114,2192.0,194950.0,87.0,true
59013,Anstaing,2022,Appartement,1,3780.0,155000.0,41.0,false
59013,Anstaing,2023,Appartement,1,3857.0,243000.0,63.0,false
59013,Anstaing,2024,Appartement,1,3577.0,232500.0,65.0,false
59013,Anstaing,2025,Appartement,1,3937.0,248000.0,63.0,false
59013,Anstaing,2021,Maison,17,3457.0,280000.0,95.0,true
59013,Anstaing,2022,Maison,30,3350.0,277500.0,90.0,true
59013,Anstaing,2023,Maison,14,2562.0,261750.0,95.0,true
59013,Anstaing,2024,Maison,9,3044.0,289000.0,98.0,false
59013,Anstaing,2025,Maison,20,3248.0,312500.0,89.0,true
59017,Armentières,2021,Appartement,135,1812.0,100000.0,58.0,true
59017,Armentières,2022,Appartement,143,1896.0,106000.0,56.0,true
59017,Armentières,2023,Appartement,110,1890.0,123500.0,60.0,true
59017,Armentières,2024,Appartement,77,1951.0,109000.0,54.0,true
59017,Armentières,2025,Appartement,102,1921.0,104800.0,55.0,true
59017,Armentières,2021,Maison,331,1873.0,147000.0,80.0,true
59017,Armentières,2022,Maison,313,2009.0,142000.0,77.0,true
59017,Armentières,2023,Maison,249,1854.0,149200.0,80.0,true
59017,Armentières,2024,Maison,199,1869.0,152000.0,80.0,true
59017,Armentières,2025,Maison,252,1892.0,146250.0,80.0,true
59025,Aubers,2022,Appartement,1,1688.0,130000.0,77.0,false
59025,Aubers,2024,Appartement,1,2298.0,142500.0,62.0,false
59025,Aubers,2021,Maison,8,2437.0,321000.0,111.0,false
59025,Aubers,2022,Maison,20,2783.0,306495.0,98.0,true
59025,Aubers,2023,Maison,25,2603.0,196020.0,90.0,true
59025,Aubers,2024,Maison,14,2077.0,210000.0,119.0,true
59025,Aubers,2025,Maison,13,2952.0,240000.0,95.0,true
59044,Baisieux,2021,Appartement,5,2843.0,248500.0,80.0,false
59044,Baisieux,2022,Appartement,3,3880.0,194000.0,50.0,false
59044,Baisieux,2023,Appartement,2,3131.0,169800.0,55.0,false
59044,Baisieux,2024,Appartement,2,3809.0,203000.0,55.0,false
59044,Baisieux,2025,Appartement,2,3859.0,207750.0,55.0,false
59044,Baisieux,2021,Maison,55,2635.0,274000.0,101.0,true
59044,Baisieux,2022,Maison,62,2848.0,273770.0,96.0,true
59044,Baisieux,2023,Maison,45,2838.0,250000.0,103.0,true
59044,Baisieux,2024,Maison,45,2857.0,270000.0,92.0,true
59044,Baisieux,2025,Maison,62,2967.0,285500.0,96.0,true
59051,La Bassée,2021,Appartement,11,1937.0,85000.0,48.0,true
59051,La Bassée,2022,Appartement,11,2548.0,107000.0,42.0,true
59051,La Bassée,2023,Appartement,6,2330.0,121500.0,50.0,false
59051,La Bassée,2024,Appartement,4,2240.0,134250.0,51.0,false
59051,La Bassée,2025,Appartement,9,1950.0,101500.0,43.0,false
59051,La Bassée,2021,Maison,84,1958.0,160000.0,83.0,true
59051,La Bassée,2022,Maison,78,2110.0,170575.0,86.0,true
59051,La Bassée,2023,Maison,50,1860.0,163750.0,86.0,true
59051,La Bassée,2024,Maison,69,1785.0,158000.0,83.0,true
59051,La Bassée,2025,Maison,74,1870.0,156000.0,83.0,true
59052,Bauvin,2023,Appartement,1,2675.0,107000.0,40.0,false
59052,Bauvin,2025,Appartement,1,1765.0,54700.0,31.0,false
59052,Bauvin,2021,Maison,78,2046.0,163750.0,81.0,true
59052,Bauvin,2022,Maison,62,2095.0,176710.0,84.0,true
59052,Bauvin,2023,Maison,48,1925.0,184450.0,90.0,true
59052,Bauvin,2024,Maison,37,1892.0,174700.0,90.0,true
59052,Bauvin,2025,Maison,62,1995.0,174764.0,92.0,true
59056,Beaucamps-Ligny,2021,Appartement,3,2930.0,126000.0,44.0,false
59056,Beaucamps-Ligny,2022,Appartement,4,3153.0,278886.0,90.0,false
59056,Beaucamps-Ligny,2021,Maison,11,2781.0,248000.0,99.0,true
59056,Beaucamps-Ligny,2022,Maison,7,3533.0,305300.0,77.0,false
59056,Beaucamps-Ligny,2023,Maison,10,3320.0,472725.0,106.0,true
59056,Beaucamps-Ligny,2024,Maison,4,2462.0,280200.0,112.0,false
59056,Beaucamps-Ligny,2025,Maison,6,3121.0,405000.0,124.0,false
59088,Bois-Grenier,2022,Appartement,1,2783.0,128000.0,46.0,false
59088,Bois-Grenier,2023,Appartement,1,2783.0,128000.0,46.0,false
59088,Bois-Grenier,2024,Appartement,6,2704.0,149250.0,57.0,false
59088,Bois-Grenier,2021,Maison,16,2934.0,263975.0,92.0,true
59088,Bois-Grenier,2022,Maison,18,2709.0,255075.0,91.0,true
59088,Bois-Grenier,2023,Maison,12,2945.0,234500.0,84.0,true
59088,Bois-Grenier,2024,Maison,9,2742.0,252150.0,90.0,false
59088,Bois-Grenier,2025,Maison,14,3075.0,360500.0,108.0,true
59090,Bondues,2021,Appartement,10,4142.0,255000.0,71.0,true
59090,Bondues,2022,Appartement,9,4647.0,444000.0,85.0,false
59090,Bondues,2023,Appartement,5,4500.0,216000.0,54.0,false
59090,Bondues,2024,Appartement,13,4451.0,290000.0,68.0,true
59090,Bondues,2025,Appartement,9,4150.0,315000.0,73.0,false
59090,Bondues,2021,Maison,88,3766.0,392845.0,101.0,true
59090,Bondues,2022,Maison,97,3979.0,420000.0,104.0,true
59090,Bondues,2023,Maison,83,4140.0,470000.0,105.0,true
59090,Bondues,2024,Maison,58,3584.0,387500.0,103.0,true
59090,Bondues,2025,Maison,72,4092.0,454750.0,105.0,true
59098,Bousbecque,2021,Appartement,18,3584.0,217750.0,65.0,true
59098,Bousbecque,2022,Appartement,11,1923.0,126700.0,68.0,true
59098,Bousbecque,2023,Appartement,8,3109.0,177000.0,58.0,false
59098,Bousbecque,2024,Appartement,8,2886.0,152500.0,51.0,false
59098,Bousbecque,2025,Appartement,6,2786.0,157450.0,67.0,false
59098,Bousbecque,2021,Maison,61,2617.0,240000.0,98.0,true
59098,Bousbecque,2022,Maison,53,2620.0,247100.0,94.0,true
59098,Bousbecque,2023,Maison,32,2746.0,255425.0,100.0,true
59098,Bousbecque,2024,Maison,38,2442.0,244500.0,102.0,true
59098,Bousbecque,2025,Maison,50,2924.0,300675.0,109.0,true
59106,Bouvines,2025,Appartement,2,2735.0,135000.0,50.0,false
59106,Bouvines,2021,Maison,14,3464.0,329500.0,94.0,true
59106,Bouvines,2022,Maison,14,3541.0,337632.0,99.0,true
59106,Bouvines,2023,Maison,5,3645.0,452000.0,124.0,false
59106,Bouvines,2024,Maison,4,3041.0,336660.0,102.0,false
59106,Bouvines,2025,Maison,14,2752.0,361750.0,115.0,true
59128,Capinghem,2021,Appartement,4,3348.0,189500.0,55.0,false
59128,Capinghem,2022,Appartement,7,2508.0,153000.0,57.0,false
59128,Capinghem,2023,Appartement,12,3110.0,152910.0,48.0,true
59128,Capinghem,2024,Appartement,7,3205.0,135000.0,44.0,false
59128,Capinghem,2025,Appartement,10,2850.0,161375.0,62.0,true
59128,Capinghem,2021,Maison,23,3483.0,330840.0,97.0,true
59128,Capinghem,2022,Maison,20,3220.0,318000.0,98.0,true
59128,Capinghem,2023,Maison,14,3340.0,287500.0,93.0,true
59128,Capinghem,2024,Maison,10,2675.0,270000.0,104.0,true
59128,Capinghem,2025,Maison,25,3361.0,295450.0,97.0,true
59133,Carnin,2021,Appartement,2,2316.0,140000.0,60.0,false
59133,Carnin,2022,Appartement,1,2286.0,112000.0,49.0,false
59133,Carnin,2023,Appartement,4,1969.0,122500.0,66.0,false
59133,Carnin,2024,Appartement,1,1974.0,75000.0,38.0,false
59133,Carnin,2025,Appartement,1,1194.0,123000.0,103.0,false
59133,Carnin,2021,Maison,22,2442.0,286670.0,119.0,true
59133,Carnin,2022,Maison,7,2496.0,276218.0,99.0,false
59133,Carnin,2023,Maison,9,2791.0,267000.0,94.0,false
59133,Carnin,2024,Maison,9,2696.0,271900.0,110.0,false
59133,Carnin,2025,Maison,13,2500.0,236500.0,100.0,true
59143,La Chapelle-d'Armentières,2021,Appartement,11,2592.0,140000.0,51.0,true
59143,La Chapelle-d'Armentières,2022,Appartement,23,3738.0,192000.0,52.0,true
59143,La Chapelle-d'Armentières,2023,Appartement,10,3348.0,234850.0,64.0,true
59143,La Chapelle-d'Armentières,2024,Appartement,17,2380.0,124740.0,53.0,true
59143,La Chapelle-d'Armentières,2025,Appartement,14,2549.0,140000.0,51.0,true
59143,La Chapelle-d'Armentières,2021,Maison,115,2335.0,195000.0,88.0,true
59143,La Chapelle-d'Armentières,2022,Maison,102,2623.0,225750.0,85.0,true
59143,La Chapelle-d'Armentières,2023,Maison,89,2283.0,195030.0,85.0,true
59143,La Chapelle-d'Armentières,2024,Maison,64,2487.0,214948.0,87.0,true
59143,La Chapelle-d'Armentières,2025,Maison,91,2438.0,210000.0,86.0,true
59146,Chéreng,2021,Appartement,3,2562.0,159000.0,69.0,false
59146,Chéreng,2022,Appartement,3,2348.0,155000.0,66.0,false
59146,Chéreng,2023,Appartement,1,2283.0,105000.0,46.0,false
59146,Chéreng,2024,Appartement,3,2500.0,136300.0,51.0,false
59146,Chéreng,2025,Appartement,5,2850.0,196000.0,66.0,false
59146,Chéreng,2021,Maison,44,3237.0,309650.0,106.0,true
59146,Chéreng,2022,Maison,37,3704.0,337000.0,100.0,true
59146,Chéreng,2023,Maison,24,3873.0,355350.0,123.0,true
59146,Chéreng,2024,Maison,28,3537.0,346085.0,90.0,true
59146,Chéreng,2025,Maison,40,3408.0,335250.0,106.0,true
59152,Comines,2021,Appartement,12,2231.0,133365.0,54.0,true
59152,Comines,2022,Appartement,15,2206.0,142500.0,55.0,true
59152,Comines,2023,Appartement,11,2493.0,132500.0,50.0,true
59152,Comines,2024,Appartement,20,2306.0,162500.0,70.0,true
59152,Comines,2025,Appartement,23,2378.0,149500.0,51.0,true
59152,Comines,2021,Maison,132,2283.0,207425.0,93.0,true
59152,Comines,2022,Maison,137,2468.0,212000.0,90.0,true
59152,Comines,2023,Maison,100,2382.0,216000.0,95.0,true
59152,Comines,2024,Maison,87,2243.0,201000.0,90.0,true
59152,Comines,2025,Maison,109,2195.0,182000.0,90.0,true
59163,Croix,2021,Appartement,141,2406.0,170000.0,67.0,true
59163,Croix,2022,Appartement,149,2456.0,165000.0,68.0,true
59163,Croix,2023,Appartement,104,2673.0,167500.0,64.0,true
59163,Croix,2024,Appartement,95,2653.0,160688.0,64.0,true
59163,Croix,2025,Appartement,148,2552.0,156725.0,65.0,true
59163,Croix,2021,Maison,285,2367.0,175000.0,79.0,true
59163,Croix,2022,Maison,253,2553.0,190500.0,80.0,true
59163,Croix,2023,Maison,196,2575.0,210000.0,81.0,true
59163,Croix,2024,Maison,159,2473.0,200000.0,80.0,true
59163,Croix,2025,Maison,209,2633.0,210000.0,79.0,true
59173,Deûlémont,2022,Appartement,1,2569.0,167000.0,65.0,false
59173,Deûlémont,2023,Appartement,2,2654.0,172500.0,65.0,false
59173,Deûlémont,2021,Maison,17,2713.0,294000.0,98.0,true
59173,Deûlémont,2022,Maison,18,2956.0,292200.0,95.0,true
59173,Deûlémont,2023,Maison,15,3179.0,426250.0,140.0,true
59173,Deûlémont,2024,Maison,6,2799.0,247453.0,104.0,false
59173,Deûlémont,2025,Maison,10,2891.0,324210.0,110.0,true
59193,Emmerin,2022,Appartement,11,4283.0,189000.0,46.0,true
59193,Emmerin,2024,Appartement,1,3063.0,196000.0,64.0,false
59193,Emmerin,2021,Maison,45,2501.0,227000.0,88.0,true
59193,Emmerin,2022,Maison,47,2722.0,240000.0,90.0,true
59193,Emmerin,2023,Maison,36,2522.0,215475.0,87.0,true
59193,Emmerin,2024,Maison,30,2524.0,246500.0,99.0,true
59193,Emmerin,2025,Maison,40,2376.0,201950.0,81.0,true
59195,Englos,2021,Maison,7,2723.0,275000.0,100.0,false
59195,Englos,2022,Maison,8,3364.0,347750.0,115.0,false
59195,Englos,2023,Maison,11,3583.0,300000.0,90.0,true
59195,Englos,2024,Maison,7,2714.0,344160.0,123.0,false
59195,Englos,2025,Maison,5,3504.0,227000.0,70.0,false
59196,Ennetières-en-Weppes,2023,Appartement,2,3379.0,145000.0,43.0,false
59196,Ennetières-en-Weppes,2024,Appartement,2,3535.0,154000.0,44.0,false
59196,Ennetières-en-Weppes,2025,Appartement,1,3250.0,208000.0,64.0,false
59196,Ennetières-en-Weppes,2021,Maison,11,3095.0,300000.0,91.0,true
59196,Ennetières-en-Weppes,2022,Maison,13,2543.0,272300.0,99.0,true
59196,Ennetières-en-Weppes,2023,Maison,13,3267.0,290000.0,82.0,true
59196,Ennetières-en-Weppes,2024,Maison,11,3618.0,411000.0,106.0,true
59196,Ennetières-en-Weppes,2025,Maison,7,2948.0,344200.0,97.0,false
59201,Erquinghem-le-Sec,2021,Maison,6,3146.0,329875.0,96.0,false
59201,Erquinghem-le-Sec,2022,Maison,4,2850.0,267250.0,90.0,false
59201,Erquinghem-le-Sec,2023,Maison,4,3336.0,323500.0,101.0,false
59201,Erquinghem-le-Sec,2024,Maison,3,2082.0,213900.0,142.0,false
59201,Erquinghem-le-Sec,2025,Maison,1,2741.0,222000.0,81.0,false
59202,Erquinghem-Lys,2021,Appartement,12,2638.0,160000.0,61.0,true
59202,Erquinghem-Lys,2022,Appartement,7,2729.0,151850.0,53.0,false
59202,Erquinghem-Lys,2023,Appartement,10,2662.0,136050.0,49.0,true
59202,Erquinghem-Lys,2024,Appartement,8,2414.0,147000.0,58.0,false
59202,Erquinghem-Lys,2025,Appartement,6,2728.0,136000.0,48.0,false
59202,Erquinghem-Lys,2021,Maison,67,2113.0,160435.0,88.0,true
59202,Erquinghem-Lys,2022,Maison,59,2357.0,194500.0,90.0,true
59202,Erquinghem-Lys,2023,Maison,50,2247.0,198263.0,88.0,true
59202,Erquinghem-Lys,2024,Maison,43,2193.0,168600.0,83.0,true
59202,Erquinghem-Lys,2025,Maison,52,2188.0,183250.0,83.0,true
59208,Escobecques,2021,Maison,4,3225.0,418000.0,130.0,false
59208,Escobecques,2022,Maison,1,926.0,250000.0,270.0,false
59208,Escobecques,2023,Maison,1,5215.0,558000.0,107.0,false
59208,Escobecques,2024,Maison,1,1364.0,150000.0,110.0,false
59208,Escobecques,2025,Maison,5,3000.0,449750.0,137.0,false
59220,Faches-Thumesnil,2021,Appartement,59,2603.0,155000.0,63.0,true
59220,Faches-Thumesnil,2022,Appartement,52,2518.0,140000.0,59.0,true
59220,Faches-Thumesnil,2023,Appartement,56,2685.0,154750.0,62.0,true
59220,Faches-Thumesnil,2024,Appartement,42,2557.0,139500.0,61.0,true
59220,Faches-Thumesnil,2025,Appartement,45,2756.0,138200.0,62.0,true
59220,Faches-Thumesnil,2021,Maison,232,2429.0,202000.0,83.0,true
59220,Faches-Thumesnil,2022,Maison,206,2687.0,221250.0,82.0,true
59220,Faches-Thumesnil,2023,Maison,155,2538.0,207000.0,81.0,true
59220,Faches-Thumesnil,2024,Maison,170,2505.0,203000.0,82.0,true
59220,Faches-Thumesnil,2025,Maison,199,2406.0,207000.0,85.0,true
59247,Forest-sur-Marque,2022,Appartement,1,2809.0,132000.0,47.0,false
59247,Forest-sur-Marque,2025,Appartement,1,3183.0,191000.0,60.0,false
59247,Forest-sur-Marque,2021,Maison,16,2893.0,227000.0,87.0,true
59247,Forest-sur-Marque,2022,Maison,25,3282.0,286100.0,78.0,true
59247,Forest-sur-Marque,2023,Maison,14,2977.0,254805.0,94.0,true
59247,Forest-sur-Marque,2024,Maison,17,3223.0,287000.0,90.0,true
59247,Forest-sur-Marque,2025,Maison,17,3119.0,253000.0,93.0,true
59250,Fournes-en-Weppes,2021,Appartement,2,1587.0,137900.0,98.0,false
59250,Fournes-en-Weppes,2022,Appartement,3,2617.0,126800.0,47.0,false
59250,Fournes-en-Weppes,2025,Appartement,1,1800.0,126000.0,70.0,false
59250,Fournes-en-Weppes,2021,Maison,33,2804.0,300600.0,102.0,true
59250,Fournes-en-Weppes,2022,Maison,22,2686.0,255320.0,100.0,true
59250,Fournes-en-Weppes,2023,Maison,23,3539.0,355000.0,105.0,true
59250,Fournes-en-Weppes,2024,Maison,25,2879.0,273000.0,107.0,true
59250,Fournes-en-Weppes,2025,Maison,24,2488.0,243500.0,94.0,true
59252,Frelinghien,2021,Appartement,2,1975.0,173225.0,103.0,false
59252,Frelinghien,2022,Appartement,2,3029.0,207950.0,68.0,false
59252,Frelinghien,2021,Maison,25,2551.0,220000.0,85.0,true
59252,Frelinghien,2022,Maison,28,2656.0,265050.0,90.0,true
59252,Frelinghien,2023,Maison,22,2981.0,253375.0,92.0,true
59252,Frelinghien,2024,Maison,25,2637.0,255000.0,110.0,true
59252,Frelinghien,2025,Maison,29,2601.0,255040.0,90.0,true
59256,Fretin,2021,Appartement,3,2371.0,182800.0,90.0,false
59256,Fretin,2024,Appartement,1,4022.0,185000.0,46.0,false
59256,Fretin,2021,Maison,40,2838.0,246525.0,86.0,true
59256,Fretin,2022,Maison,44,2651.0,236000.0,90.0,true
59256,Fretin,2023,Maison,32,2971.0,260500.0,84.0,true
59256,Fretin,2024,Maison,50,2881.0,253200.0,89.0,true
59256,Fretin,2025,Maison,32,2854.0,242875.0,85.0,true
59257,Fromelles,2021,Maison,13,3313.0,296000.0,100.0,true
59257,Fromelles,2022,Maison,13,3356.0,347500.0,100.0,true
59257,Fromelles,2023,Maison,10,2902.0,315000.0,92.0,true
59257,Fromelles,2024,Maison,5,2885.0,359000.0,140.0,false
59257,Fromelles,2025,Maison,12,2635.0,338975.0,113.0,true
59275,Gruson,2022,Appartement,1,4052.0,194500.0,48.0,false
59275,Gruson,2023,Appartement,1,4068.0,240000.0,59.0,false
59275,Gruson,2021,Maison,12,3771.0,438650.0,100.0,true
59275,Gruson,2022,Maison,7,4078.0,470000.0,108.0,false
59275,Gruson,2023,Maison,12,3402.0,355000.0,92.0,true
59275,Gruson,2024,Maison,3,3693.0,435000.0,90.0,false
59275,Gruson,2025,Maison,14,3572.0,352375.0,100.0,true
59278,Hallennes-lez-Haubourdin,2021,Appartement,9,2558.0,150000.0,59.0,false
59278,Hallennes-lez-Haubourdin,2022,Appartement,5,2384.0,141570.0,55.0,false
59278,Hallennes-lez-Haubourdin,2023,Appartement,4,3465.0,170000.0,53.0,false
59278,Hallennes-lez-Haubourdin,2025,Appartement,11,2844.0,163000.0,60.0,true
59278,Hallennes-lez-Haubourdin,2021,Maison,65,2526.0,217000.0,85.0,true
59278,Hallennes-lez-Haubourdin,2022,Maison,51,2944.0,257870.0,87.0,true
59278,Hallennes-lez-Haubourdin,2023,Maison,36,2635.0,229025.0,86.0,true
59278,Hallennes-lez-Haubourdin,2024,Maison,37,2615.0,211500.0,87.0,true
59278,Hallennes-lez-Haubourdin,2025,Maison,61,2665.0,237000.0,89.0,true
59279,Halluin,2021,Appartement,42,2202.0,136000.0,56.0,true
59279,Halluin,2022,Appartement,43,2330.0,141500.0,61.0,true
59279,Halluin,2023,Appartement,21,2261.0,124000.0,60.0,true
59279,Halluin,2024,Appartement,30,2163.0,114000.0,53.0,true
59279,Halluin,2025,Appartement,19,2250.0,105000.0,59.0,true
59279,Halluin,2021,Maison,249,2188.0,175000.0,81.0,true
59279,Halluin,2022,Maison,242,2232.0,184000.0,87.0,true
59279,Halluin,2023,Maison,174,2090.0,175550.0,84.0,true
59279,Halluin,2024,Maison,155,2087.0,170000.0,84.0,true
59279,Halluin,2025,Maison,207,2169.0,179000.0,87.0,true
59281,Hantay,2021,Maison,18,2086.0,202250.0,91.0,true
59281,Hantay,2022,Maison,15,2340.0,215000.0,91.0,true
59281,Hantay,2023,Maison,11,2535.0,220000.0,93.0,true
59281,Hantay,2024,Maison,9,2306.0,237490.0,103.0,false
59281,Hantay,2025,Maison,13,2547.0,223000.0,91.0,true
59286,Haubourdin,2021,Appartement,57,2082.0,120810.0,58.0,true
59286,Haubourdin,2022,Appartement,44,2291.0,126000.0,54.0,true
59286,Haubourdin,2023,Appartement,66,2174.0,135000.0,65.0,true
59286,Haubourdin,2024,Appartement,45,2306.0,125800.0,55.0,true
59286,Haubourdin,2025,Appartement,70,2638.0,128150.0,49.0,true
59286,Haubourdin,2021,Maison,167,2227.0,183000.0,83.0,true
59286,Haubourdin,2022,Maison,170,2363.0,201500.0,85.0,true
59286,Haubourdin,2023,Maison,111,2327.0,205000.0,87.0,true
59286,Haubourdin,2024,Maison,103,2167.0,178000.0,80.0,true
59286,Haubourdin,2025,Maison,131,2181.0,183000.0,85.0,true
59299,Hem,2021,Appartement,9,1887.0,117000.0,71.0,false
59299,Hem,2022,Appartement,16,2448.0,120825.0,71.0,true
59299,Hem,2023,Appartement,3,1473.0,81000.0,65.0,false
59299,Hem,2024,Appartement,7,3311.0,192040.0,71.0,false
59299,Hem,2025,Appartement,12,2941.0,160885.0,55.0,true
59299,Hem,2021,Maison,174,2707.0,234750.0,96.0,true
59299,Hem,2022,Maison,188,2785.0,258855.0,93.0,true
59299,Hem,2023,Maison,170,2806.0,250000.0,94.0,true
59299,Hem,2024,Maison,120,2579.0,251660.0,95.0,true
59299,Hem,2025,Maison,138,2608.0,240000.0,93.0,true
59303,Herlies,2021,Maison,24,2909.0,300050.0,96.0,true
59303,Herlies,2022,Maison,15,2701.0,258000.0,94.0,true
59303,Herlies,2023,Maison,22,2730.0,290575.0,101.0,true
59303,Herlies,2024,Maison,14,2772.0,305612.0,106.0,true
59303,Herlies,2025,Maison,21,2691.0,261000.0,101.0,true
59316,Houplin-Ancoisne,2021,Maison,43,2589.0,230000.0,95.0,true
59316,Houplin-Ancoisne,2022,Maison,46,2711.0,241250.0,96.0,true
59316,Houplin-Ancoisne,2023,Maison,27,2443.0,242000.0,94.0,true
59316,Houplin-Ancoisne,2024,Maison,28,2464.0,217500.0,90.0,true
59316,Houplin-Ancoisne,2025,Maison,37,2402.0,250000.0,96.0,true
59317,Houplines,2021,Appartement,2,1729.0,74000.0,43.0,false
59317,Houplines,2022,Appartement,1,1384.0,77500.0,56.0,false
59317,Houplines,2024,Appartement,1,955.0,42000.0,44.0,false
59317,Houplines,2025,Appartement,1,1900.0,98800.0,52.0,false
59317,Houplines,2021,Maison,116,2252.0,165635.0,75.0,true
59317,Houplines,2022,Maison,132,2252.0,174450.0,81.0,true
59317,Houplines,2023,Maison,74,2147.0,167250.0,82.0,true
59317,Houplines,2024,Maison,75,2231.0,180000.0,85.0,true
59317,Houplines,2025,Maison,106,2210.0,166200.0,81.0,true
59320,Illies,2021,Maison,18,2235.0,242500.0,95.0,true
59320,Illies,2022,Maison,18,2146.0,226050.0,110.0,true
59320,Illies,2023,Maison,16,2461.0,266250.0,93.0,true
59320,Illies,2024,Maison,16,2123.0,210000.0,97.0,true
59320,Illies,2025,Maison,10,2549.0,187660.0,89.0,true
59328,Lambersart,2021,Appartement,185,2896.0,175500.0,64.0,true
59328,Lambersart,2022,Appartement,179,3140.0,190900.0,64.0,true
59328,Lambersart,2023,Appartement,132,3162.0,181010.0,62.0,true
59328,Lambersart,2024,Appartement,127,3125.0,191500.0,65.0,true
59328,Lambersart,2025,Appartement,150,3035.0,186400.0,65.0,true
59328,Lambersart,2021,Maison,311,3646.0,335000.0,90.0,true
59328,Lambersart,2022,Maison,299,3991.0,359250.0,87.0,true
59328,Lambersart,2023,Maison,226,3758.0,349050.0,90.0,true
59328,Lambersart,2024,Maison,250,3494.0,312025.0,85.0,true
59328,Lambersart,2025,Maison,269,3588.0,335000.0,90.0,true
59332,Lannoy,2021,Appartement,15,1709.0,98000.0,61.0,true
59332,Lannoy,2022,Appartement,11,2102.0,129380.0,68.0,true
59332,Lannoy,2023,Appartement,11,2165.0,123650.0,61.0,true
59332,Lannoy,2024,Appartement,17,1919.0,123380.0,63.0,true
59332,Lannoy,2025,Appartement,15,2066.0,125000.0,64.0,true
59332,Lannoy,2021,Maison,24,1991.0,141000.0,74.0,true
59332,Lannoy,2022,Maison,20,1696.0,130525.0,80.0,true
59332,Lannoy,2023,Maison,11,1905.0,151800.0,93.0,true
59332,Lannoy,2024,Maison,9,1689.0,140000.0,80.0,false
59332,Lannoy,2025,Maison,12,1800.0,177350.0,88.0,true
59339,Leers,2021,Appartement,8,2954.0,200500.0,64.0,false
59339,Leers,2022,Appartement,8,3111.0,192091.0,65.0,false
59339,Leers,2023,Appartement,7,2997.0,230000.0,72.0,false
59339,Leers,2024,Appartement,6,3302.0,174000.0,59.0,false
59339,Leers,2025,Appartement,5,3191.0,175500.0,50.0,false
59339,Leers,2021,Maison,102,2577.0,246250.0,99.0,true
59339,Leers,2022,Maison,114,2727.0,247200.0,91.0,true
59339,Leers,2023,Maison,85,2644.0,262000.0,98.0,true
59339,Leers,2024,Maison,89,2551.0,235000.0,96.0,true
59339,Leers,2025,Maison,82,2581.0,241235.0,95.0,true
59343,Lesquin,2021,Appartement,10,3271.0,189100.0,65.0,true
59343,Lesquin,2022,Appartement,9,3284.0,164000.0,48.0,false
59343,Lesquin,2023,Appartement,24,3538.0,171800.0,59.0,true
59343,Lesquin,2024,Appartement,12,3626.0,171000.0,61.0,true
59343,Lesquin,2025,Appartement,28,3413.0,186500.0,62.0,true
59343,Lesquin,2021,Maison,104,3043.0,281650.0,93.0,true
59343,Lesquin,2022,Maison,79,3280.0,266000.0,88.0,true
59343,Lesquin,2023,Maison,76,3058.0,260000.0,90.0,true
59343,Lesquin,2024,Maison,55,2920.0,255000.0,87.0,true
59343,Lesquin,2025,Maison,64,2970.0,264690.0,91.0,true
59346,Lezennes,2024,Appartement,1,3077.0,40000.0,13.0,false
59346,Lezennes,2025,Appartement,2,3925.0,340725.0,83.0,false
59346,Lezennes,2021,Maison,46,2697.0,250875.0,90.0,true
59346,Lezennes,2022,Maison,35,2838.0,250000.0,88.0,true
59346,Lezennes,2023,Maison,22,2734.0,260350.0,96.0,true
59346,Lezennes,2024,Maison,29,3000.0,255000.0,85.0,true
59346,Lezennes,2025,Maison,38,2679.0,262210.0,86.0,true
59350,Lille,2021,Appartement,3142,3722.0,170000.0,49.0,true
59350,Lille,2022,Appartement,2920,3864.0,181400.0,50.0,true
59350,Lille,2023,Appartement,2463,3857.0,166000.0,47.0,true
59350,Lille,2024,Appartement,2057,3669.0,160000.0,47.0,true
59350,Lille,2025,Appartement,2399,3713.0,169569.0,49.0,true
59350,Lille,2021,Maison,1052,2785.0,229680.0,85.0,true
59350,Lille,2022,Maison,1024,2938.0,240000.0,85.0,true
59350,Lille,2023,Maison,855,2875.0,225000.0,82.0,true
59350,Lille,2024,Maison,777,2847.0,230000.0,84.0,true
59350,Lille,2025,Maison,882,2807.0,230880.0,86.0,true
59352,Linselles,2021,Appartement,26,3807.0,195550.0,63.0,true
59352,Linselles,2022,Appartement,31,3686.0,237700.0,67.0,true
59352,Linselles,2023,Appartement,19,3750.0,244000.0,65.0,true
59352,Linselles,2024,Appartement,12,3375.0,193510.0,68.0,true
59352,Linselles,2025,Appartement,14,3309.0,209450.0,63.0,true
59352,Linselles,2021,Maison,102,2922.0,293190.0,100.0,true
59352,Linselles,2022,Maison,79,3075.0,299100.0,100.0,true
59352,Linselles,2023,Maison,79,2849.0,270000.0,96.0,true
59352,Linselles,2024,Maison,67,2882.0,264500.0,96.0,true
59352,Linselles,2025,Maison,84,2649.0,252500.0,96.0,true
59356,Lompret,2023,Appartement,1,2569.0,185000.0,72.0,false
59356,Lompret,2021,Maison,21,3195.0,443800.0,122.0,true
59356,Lompret,2022,Maison,20,4162.0,422925.0,111.0,true
59356,Lompret,2023,Maison,14,3863.0,507500.0,135.0,true
59356,Lompret,2024,Maison,20,3575.0,492000.0,111.0,true
59356,Lompret,2025,Maison,19,3414.0,415370.0,109.0,true
59360,Loos,2021,Appartement,167,2452.0,125000.0,51.0,true
59360,Loos,2022,Appartement,174,2742.0,125184.0,48.0,true
59360,Loos,2023,Appartement,104,2689.0,128150.0,50.0,true
59360,Loos,2024,Appartement,112,2607.0,131000.0,52.0,true
59360,Loos,2025,Appartement,137,2790.0,128000.0,48.0,true
59360,Loos,2021,Maison,192,2362.0,190000.0,83.0,true
59360,Loos,2022,Maison,157,2386.0,195000.0,82.0,true
59360,Loos,2023,Maison,131,2394.0,195000.0,81.0,true
59360,Loos,2024,Maison,98,2270.0,185000.0,83.0,true
59360,Loos,2025,Maison,134,2292.0,183985.0,85.0,true
59367,Lys-lez-Lannoy,2021,Appartement,52,1935.0,108700.0,59.0,true
59367,Lys-lez-Lannoy,2022,Appartement,49,1952.0,120000.0,62.0,true
59367,Lys-lez-Lannoy,2023,Appartement,37,2041.0,118000.0,63.0,true
59367,Lys-lez-Lannoy,2024,Appartement,39,2174.0,122175.0,64.0,true
59367,Lys-lez-Lannoy,2025,Appartement,57,1894.0,121100.0,59.0,true
59367,Lys-lez-Lannoy,2021,Maison,167,2293.0,210000.0,89.0,true
59367,Lys-lez-Lannoy,2022,Maison,145,2529.0,218000.0,88.0,true
59367,Lys-lez-Lannoy,2023,Maison,96,2369.0,196500.0,82.0,true
59367,Lys-lez-Lannoy,2024,Maison,117,2377.0,200000.0,86.0,true
59367,Lys-lez-Lannoy,2025,Maison,138,2242.0,197500.0,89.0,true
59368,La Madeleine,2021,Appartement,362,3097.0,178900.0,62.0,true
59368,La Madeleine,2022,Appartement,313,3394.0,189500.0,62.0,true
59368,La Madeleine,2023,Appartement,260,3226.0,197900.0,65.0,true
59368,La Madeleine,2024,Appartement,207,3233.0,184900.0,64.0,true
59368,La Madeleine,2025,Appartement,274,3204.0,188525.0,61.0,true
59368,La Madeleine,2021,Maison,180,3726.0,310200.0,86.0,true
59368,La Madeleine,2022,Maison,181,3941.0,367400.0,90.0,true
59368,La Madeleine,2023,Maison,132,3612.0,318975.0,90.0,true
59368,La Madeleine,2024,Maison,115,3500.0,285000.0,84.0,true
59368,La Madeleine,2025,Maison,148,3585.0,314580.0,86.0,true
59371,Le Maisnil,2021,Maison,3,2778.0,380000.0,122.0,false
59371,Le Maisnil,2022,Maison,7,3553.0,401500.0,113.0,false
59371,Le Maisnil,2023,Maison,4,3373.0,317750.0,82.0,false
59371,Le Maisnil,2024,Maison,3,2659.0,360000.0,140.0,false
59371,Le Maisnil,2025,Maison,7,3631.0,432000.0,84.0,false
59378,Marcq-en-Barœul,2021,Appartement,333,3216.0,195250.0,68.0,true
59378,Marcq-en-Barœul,2022,Appartement,344,3477.0,205750.0,63.0,true
59378,Marcq-en-Barœul,2023,Appartement,227,3559.0,210000.0,68.0,true
59378,Marcq-en-Barœul,2024,Appartement,202,3350.0,205000.0,66.0,true
59378,Marcq-en-Barœul,2025,Appartement,255,3429.0,220000.0,68.0,true
59378,Marcq-en-Barœul,2021,Maison,381,3817.0,335000.0,90.0,true
59378,Marcq-en-Barœul,2022,Maison,408,4024.0,364650.0,90.0,true
59378,Marcq-en-Barœul,2023,Maison,284,4278.0,378265.0,91.0,true
59378,Marcq-en-Barœul,2024,Maison,274,4040.0,375000.0,94.0,true
59378,Marcq-en-Barœul,2025,Maison,343,3989.0,375000.0,95.0,true
59386,Marquette-lez-Lille,2021,Appartement,71,3357.0,180600.0,60.0,true
59386,Marquette-lez-Lille,2022,Appartement,38,3698.0,207750.0,61.0,true
59386,Marquette-lez-Lille,2023,Appartement,15,3789.0,269000.0,67.0,true
59386,Marquette-lez-Lille,2024,Appartement,18,3336.0,198000.0,62.0,true
59386,Marquette-lez-Lille,2025,Appartement,31,3479.0,173931.0,50.0,true
59386,Marquette-lez-Lille,2021,Maison,134,3025.0,238600.0,85.0,true
59386,Marquette-lez-Lille,2022,Maison,115,3190.0,251000.0,87.0,true
59386,Marquette-lez-Lille,2023,Maison,108,3249.0,277603.0,87.0,true
59386,Marquette-lez-Lille,2024,Maison,98,3163.0,260950.0,82.0,true
59386,Marquette-lez-Lille,2025,Maison,100,3280.0,258150.0,82.0,true
59388,Marquillies,2021,Maison,25,2073.0,181000.0,116.0,true
59388,Marquillies,2022,Maison,16,2648.0,314600.0,118.0,true
59388,Marquillies,2023,Maison,21,2451.0,230000.0,100.0,true
59388,Marquillies,2024,Maison,16,2459.0,244000.0,110.0,true
59388,Marquillies,2025,Maison,28,2630.0,249650.0,98.0,true
59410,Mons-en-Barœul,2021,Appartement,118,1776.0,105500.0,55.0,true
59410,Mons-en-Barœul,2022,Appartement,123,1790.0,106700.0,56.0,true
59410,Mons-en-Barœul,2023,Appartement,112,1778.0,104085.0,56.0,true
59410,Mons-en-Barœul,2024,Appartement,88,1711.0,92425.0,53.0,true
59410,Mons-en-Barœul,2025,Appartement,110,1677.0,98750.0,63.0,true
59410,Mons-en-Barœul,2021,Maison,130,2705.0,229005.0,81.0,true
59410,Mons-en-Barœul,2022,Maison,149,2863.0,257000.0,86.0,true
59410,Mons-en-Barœul,2023,Maison,119,3067.0,242000.0,80.0,true
59410,Mons-en-Barœul,2024,Maison,118,2840.0,233925.0,86.0,true
59410,Mons-en-Barœul,2025,Maison,118,2857.0,239300.0,85.0,true
59421,Mouvaux,2021,Appartement,58,3364.0,241500.0,79.0,true
59421,Mouvaux,2022,Appartement,40,3544.0,224000.0,74.0,true
59421,Mouvaux,2023,Appartement,29,3801.0,330000.0,85.0,true
59421,Mouvaux,2024,Appartement,45,3544.0,275500.0,82.0,true
59421,Mouvaux,2025,Appartement,54,3540.0,233000.0,75.0,true
59421,Mouvaux,2021,Maison,170,3221.0,267150.0,90.0,true
59421,Mouvaux,2022,Maison,178,3348.0,290000.0,91.0,true
59421,Mouvaux,2023,Maison,124,3354.0,286650.0,91.0,true
59421,Mouvaux,2024,Maison,120,3356.0,306420.0,93.0,true
59421,Mouvaux,2025,Maison,155,3264.0,302000.0,93.0,true
59426,Neuville-en-Ferrain,2021,Appartement,14,3074.0,182225.0,65.0,true
59426,Neuville-en-Ferrain,2022,Appartement,16,3040.0,184500.0,63.0,true
59426,Neuville-en-Ferrain,2023,Appartement,8,3184.0,204500.0,70.0,false
59426,Neuville-en-Ferrain,2024,Appartement,5,3056.0,150000.0,57.0,false
59426,Neuville-en-Ferrain,2025,Appartement,13,2866.0,164000.0,59.0,true
59426,Neuville-en-Ferrain,2021,Maison,131,2562.0,240000.0,93.0,true
59426,Neuville-en-Ferrain,2022,Maison,128,2761.0,250000.0,91.0,true
59426,Neuville-en-Ferrain,2023,Maison,79,2727.0,245250.0,94.0,true
59426,Neuville-en-Ferrain,2024,Maison,78,2427.0,225500.0,94.0,true
59426,Neuville-en-Ferrain,2025,Maison,108,2719.0,241000.0,94.0,true
59437,Noyelles-lès-Seclin,2021,Maison,11,2728.0,292910.0,114.0,true
59437,Noyelles-lès-Seclin,2022,Maison,9,2421.0,250000.0,105.0,false
59437,Noyelles-lès-Seclin,2023,Maison,8,2521.0,282500.0,110.0,false
59437,Noyelles-lès-Seclin,2024,Maison,3,2366.0,231900.0,105.0,false
59437,Noyelles-lès-Seclin,2025,Maison,11,2796.0,251050.0,113.0,true
59457,Pérenchies,2021,Appartement,19,3038.0,155000.0,61.0,true
59457,Pérenchies,2022,Appartement,10,2724.0,200475.0,69.0,true
59457,Pérenchies,2023,Appartement,21,3055.0,169400.0,51.0,true
59457,Pérenchies,2024,Appartement,16,3137.0,158483.0,49.0,true
59457,Pérenchies,2025,Appartement,20,3213.0,157900.0,48.0,true
59457,Pérenchies,2021,Maison,114,2603.0,230050.0,94.0,true
59457,Pérenchies,2022,Maison,105,2684.0,230000.0,85.0,true
59457,Pérenchies,2023,Maison,71,2757.0,242000.0,96.0,true
59457,Pérenchies,2024,Maison,81,2646.0,229870.0,88.0,true
59457,Pérenchies,2025,Maison,95,2482.0,236600.0,92.0,true
59458,Péronne-en-Mélantois,2021,Maison,23,2475.0,252000.0,92.0,true
59458,Péronne-en-Mélantois,2022,Maison,17,2548.0,206910.0,87.0,true
59458,Péronne-en-Mélantois,2023,Maison,11,3377.0,390000.0,113.0,true
59458,Péronne-en-Mélantois,2024,Maison,10,4516.0,363390.0,86.0,true
59458,Péronne-en-Mélantois,2025,Maison,9,3696.0,377000.0,102.0,false
59470,Prémesques,2021,Appartement,14,3806.0,244750.0,68.0,true
59470,Prémesques,2022,Appartement,1,4800.0,336000.0,70.0,false
59470,Prémesques,2024,Appartement,1,2514.0,271500.0,108.0,false
59470,Prémesques,2021,Maison,30,2893.0,263000.0,106.0,true
59470,Prémesques,2022,Maison,22,3283.0,290305.0,90.0,true
59470,Prémesques,2023,Maison,13,3267.0,270000.0,84.0,true
59470,Prémesques,2024,Maison,23,2927.0,278000.0,100.0,true
59470,Prémesques,2025,Maison,20,2934.0,313384.0,98.0,true
59477,Provin,2021,Appartement,4,2491.0,127970.0,58.0,false
59477,Provin,2023,Appartement,1,3238.0,136000.0,42.0,false
59477,Provin,2025,Appartement,2,2840.0,202865.0,73.0,false
59477,Provin,2021,Maison,57,2143.0,201000.0,87.0,true
59477,Provin,2022,Maison,51,2207.0,205000.0,87.0,true
59477,Provin,2023,Maison,43,2344.0,179900.0,80.0,true
59477,Provin,2024,Maison,39,2071.0,200000.0,93.0,true
59477,Provin,2025,Maison,49,2158.0,193000.0,91.0,true
59482,Quesnoy-sur-Deûle,2021,Appartement,4,3458.0,213850.0,64.0,false
59482,Quesnoy-sur-Deûle,2022,Appartement,14,2377.0,155430.0,66.0,true
59482,Quesnoy-sur-Deûle,2023,Appartement,3,3538.0,230000.0,65.0,false
59482,Quesnoy-sur-Deûle,2024,Appartement,4,3335.0,200000.0,66.0,false
59482,Quesnoy-sur-Deûle,2025,Appartement,7,3302.0,196000.0,65.0,false
59482,Quesnoy-sur-Deûle,2021,Maison,63,2912.0,272000.0,92.0,true
59482,Quesnoy-sur-Deûle,2022,Maison,67,2989.0,274510.0,94.0,true
59482,Quesnoy-sur-Deûle,2023,Maison,58,2892.0,243750.0,94.0,true
59482,Quesnoy-sur-Deûle,2024,Maison,66,2682.0,238800.0,90.0,true
59482,Quesnoy-sur-Deûle,2025,Maison,53,2857.0,269000.0,96.0,true
59487,Radinghem-en-Weppes,2021,Appartement,1,3963.0,154560.0,39.0,false
59487,Radinghem-en-Weppes,2022,Appartement,2,3836.0,250470.0,66.0,false
59487,Radinghem-en-Weppes,2024,Appartement,1,3541.0,216000.0,61.0,false
59487,Radinghem-en-Weppes,2025,Appartement,1,3683.0,232000.0,63.0,false
59487,Radinghem-en-Weppes,2021,Maison,15,3250.0,372000.0,128.0,true
59487,Radinghem-en-Weppes,2022,Maison,6,3012.0,440000.0,141.0,false
59487,Radinghem-en-Weppes,2023,Maison,11,3273.0,496500.0,116.0,true
59487,Radinghem-en-Weppes,2024,Maison,7,2845.0,380000.0,120.0,false
59487,Radinghem-en-Weppes,2025,Maison,12,3589.0,460000.0,115.0,true
59507,Ronchin,2021,Appartement,114,2742.0,139500.0,54.0,true
59507,Ronchin,2022,Appartement,82,2428.0,132840.0,56.0,true
59507,Ronchin,2023,Appartement,45,2432.0,140000.0,65.0,true
59507,Ronchin,2024,Appartement,61,2551.0,127530.0,52.0,true
59507,Ronchin,2025,Appartement,86,2451.0,128050.0,52.0,true
59507,Ronchin,2021,Maison,212,2415.0,200000.0,87.0,true
59507,Ronchin,2022,Maison,207,2517.0,218000.0,88.0,true
59507,Ronchin,2023,Maison,134,2370.0,218500.0,92.0,true
59507,Ronchin,2024,Maison,132,2262.0,199000.0,87.0,true
59507,Ronchin,2025,Maison,173,2362.0,212000.0,92.0,true
59508,Roncq,2021,Appartement,38,3053.0,201750.0,65.0,true
59508,Roncq,2022,Appartement,42,3328.0,195000.0,52.0,true
59508,Roncq,2023,Appartement,18,3065.0,188500.0,68.0,true
59508,Roncq,2024,Appartement,30,3111.0,166525.0,53.0,true
59508,Roncq,2025,Appartement,28,2786.0,169500.0,62.0,true
59508,Roncq,2021,Maison,161,2634.0,245000.0,93.0,true
59508,Roncq,2022,Maison,194,2841.0,260025.0,95.0,true
59508,Roncq,2023,Maison,112,2590.0,237050.0,92.0,true
59508,Roncq,2024,Maison,112,2531.0,231334.0,96.0,true
59508,Roncq,2025,Maison,124,2733.0,246000.0,92.0,true
59512,Roubaix,2021,Appartement,373,1868.0,98000.0,62.0,true
59512,Roubaix,2022,Appartement,342,1933.0,102230.0,60.0,true
59512,Roubaix,2023,Appartement,250,1961.0,114500.0,64.0,true
59512,Roubaix,2024,Appartement,213,1892.0,105000.0,65.0,true
59512,Roubaix,2025,Appartement,228,1928.0,124650.0,66.0,true
59512,Roubaix,2021,Maison,725,1417.0,125000.0,90.0,true
59512,Roubaix,2022,Maison,682,1522.0,129606.0,86.0,true
59512,Roubaix,2023,Maison,493,1427.0,115000.0,83.0,true
59512,Roubaix,2024,Maison,443,1393.0,113900.0,81.0,true
59512,Roubaix,2025,Maison,526,1384.0,117000.0,85.0,true
59522,Sailly-lez-Lannoy,2021,Maison,24,3178.0,325400.0,108.0,true
59522,Sailly-lez-Lannoy,2022,Maison,26,3222.0,320000.0,101.0,true
59522,Sailly-lez-Lannoy,2023,Maison,20,3316.0,333825.0,106.0,true
59522,Sailly-lez-Lannoy,2024,Maison,19,3326.0,443000.0,123.0,true
59522,Sailly-lez-Lannoy,2025,Maison,24,3315.0,338000.0,111.0,true
59523,Sainghin-en-Mélantois,2023,Appartement,2,3523.0,274550.0,79.0,false
59523,Sainghin-en-Mélantois,2024,Appartement,1,3413.0,245730.0,72.0,false
59523,Sainghin-en-Mélantois,2025,Appartement,2,3288.0,128650.0,40.0,false
59523,Sainghin-en-Mélantois,2021,Maison,28,3418.0,332500.0,104.0,true
59523,Sainghin-en-Mélantois,2022,Maison,32,3404.0,320000.0,92.0,true
59523,Sainghin-en-Mélantois,2023,Maison,19,3250.0,288000.0,95.0,true
59523,Sainghin-en-Mélantois,2024,Maison,31,3137.0,360000.0,124.0,true
59523,Sainghin-en-Mélantois,2025,Maison,27,3152.0,304740.0,99.0,true
59524,Sainghin-en-Weppes,2021,Appartement,7,2308.0,114200.0,52.0,false
59524,Sainghin-en-Weppes,2022,Appartement,2,3085.0,106360.0,35.0,false
59524,Sainghin-en-Weppes,2023,Appartement,1,1525.0,90000.0,59.0,false
59524,Sainghin-en-Weppes,2025,Appartement,1,2903.0,150950.0,52.0,false
59524,Sainghin-en-Weppes,2021,Maison,78,2259.0,197750.0,87.0,true
59524,Sainghin-en-Weppes,2022,Maison,85,2422.0,217800.0,85.0,true
59524,Sainghin-en-Weppes,2023,Maison,73,2500.0,212920.0,83.0,true
59524,Sainghin-en-Weppes,2024,Maison,57,2277.0,185000.0,83.0,true
59524,Sainghin-en-Weppes,2025,Maison,56,2693.0,227450.0,83.0,true
59527,Saint-André-lez-Lille,2021,Appartement,155,3439.0,187368.0,53.0,true
59527,Saint-André-lez-Lille,2022,Appartement,141,3564.0,195500.0,61.0,true
59527,Saint-André-lez-Lille,2023,Appartement,83,3323.0,175000.0,54.0,true
59527,Saint-André-lez-Lille,2024,Appartement,64,3427.0,179000.0,59.0,true
59527,Saint-André-lez-Lille,2025,Appartement,83,3464.0,185150.0,58.0,true
59527,Saint-André-lez-Lille,2021,Maison,128,3307.0,265750.0,82.0,true
59527,Saint-André-lez-Lille,2022,Maison,153,3433.0,280000.0,82.0,true
59527,Saint-André-lez-Lille,2023,Maison,102,3300.0,279350.0,85.0,true
59527,Saint-André-lez-Lille,2024,Maison,95,3302.0,268000.0,82.0,true
59527,Saint-André-lez-Lille,2025,Maison,115,3456.0,280000.0,82.0,true
59550,Salomé,2021,Maison,44,2081.0,189250.0,84.0,true
59550,Salomé,2022,Maison,49,2162.0,180000.0,85.0,true
59550,Salomé,2023,Maison,36,2140.0,180200.0,92.0,true
59550,Salomé,2024,Maison,37,1935.0,164000.0,85.0,true
59550,Salomé,2025,Maison,38,2345.0,188250.0,82.0,true
59553,Santes,2022,Appartement,2,3577.0,208400.0,58.0,false
59553,Santes,2023,Appartement,3,3768.0,187000.0,50.0,false
59553,Santes,2021,Maison,59,2602.0,282290.0,109.0,true
59553,Santes,2022,Maison,74,2716.0,254351.0,100.0,true
59553,Santes,2023,Maison,41,2452.0,237785.0,98.0,true
59553,Santes,2024,Maison,55,2636.0,265000.0,101.0,true
59553,Santes,2025,Maison,49,2499.0,268350.0,109.0,true
59560,Seclin,2021,Appartement,70,3236.0,173000.0,63.0,true
59560,Seclin,2022,Appartement,68,2817.0,162500.0,62.0,true
59560,Seclin,2023,Appartement,40,2840.0,169785.0,61.0,true
59560,Seclin,2024,Appartement,18,2685.0,151700.0,57.0,true
59560,Seclin,2025,Appartement,39,2592.0,134100.0,49.0,true
59560,Seclin,2021,Maison,127,2388.0,191000.0,84.0,true
59560,Seclin,2022,Maison,137,2583.0,206000.0,84.0,true
59560,Seclin,2023,Maison,112,2437.0,205250.0,79.0,true
59560,Seclin,2024,Maison,92,2158.0,201862.0,90.0,true
59560,Seclin,2025,Maison,129,2415.0,213500.0,84.0,true
59566,Sequedin,2021,Appartement,5,3047.0,153000.0,62.0,false
59566,Sequedin,2022,Appartement,4,2560.0,124350.0,48.0,false
59566,Sequedin,2023,Appartement,2,3736.0,185400.0,51.0,false
59566,Sequedin,2024,Appartement,6,3443.0,156175.0,45.0,false
59566,Sequedin,2025,Appartement,6,2772.0,147750.0,55.0,false
59566,Sequedin,2021,Maison,57,2982.0,255000.0,83.0,true
59566,Sequedin,2022,Maison,49,2965.0,241500.0,83.0,true
59566,Sequedin,2023,Maison,27,2726.0,273000.0,92.0,true
59566,Sequedin,2024,Maison,42,2670.0,232940.0,83.0,true
59566,Sequedin,2025,Maison,42,2820.0,253755.0,88.0,true
59585,Templemars,2021,Appartement,11,2569.0,169500.0,63.0,true
59585,Templemars,2022,Appartement,12,3205.0,210000.0,66.0,true
59585,Templemars,2023,Appartement,6,2517.0,132950.0,63.0,false
59585,Templemars,2024,Appartement,5,3016.0,150325.0,62.0,false
59585,Templemars,2025,Appartement,13,3273.0,171000.0,55.0,true
59585,Templemars,2021,Maison,38,2657.0,247550.0,98.0,true
59585,Templemars,2022,Maison,48,2924.0,267452.0,90.0,true
59585,Templemars,2023,Maison,33,2792.0,259500.0,91.0,true
59585,Templemars,2024,Maison,28,2719.0,256880.0,97.0,true
59585,Templemars,2025,Maison,38,2656.0,270950.0,99.0,true
59598,Toufflers,2022,Appartement,3,2250.0,157400.0,45.0,false
59598,Toufflers,2024,Appartement,3,3363.0,171000.0,59.0,false
59598,Toufflers,2025,Appartement,1,2622.0,118000.0,45.0,false
59598,Toufflers,2021,Maison,49,2500.0,250000.0,105.0,true
59598,Toufflers,2022,Maison,42,2506.0,230000.0,95.0,true
59598,Toufflers,2023,Maison,37,2806.0,268000.0,93.0,true
59598,Toufflers,2024,Maison,31,2683.0,259000.0,92.0,true
59598,Toufflers,2025,Maison,58,2654.0,220000.0,89.0,true
59599,Tourcoing,2021,Appartement,484,1662.0,108000.0,65.0,true
59599,Tourcoing,2022,Appartement,525,1813.0,115000.0,63.0,true
59599,Tourcoing,2023,Appartement,377,1804.0,108000.0,61.0,true
59599,Tourcoing,2024,Appartement,379,1666.0,108000.0,65.0,true
59599,Tourcoing,2025,Appartement,393,1781.0,110000.0,64.0,true
59599,Tourcoing,2021,Maison,1040,1826.0,148000.0,83.0,true
59599,Tourcoing,2022,Maison,971,1944.0,157700.0,82.0,true
59599,Tourcoing,2023,Maison,705,1857.0,150000.0,81.0,true
59599,Tourcoing,2024,Maison,636,1778.0,146000.0,82.0,true
59599,Tourcoing,2025,Maison,760,1804.0,146750.0,82.0,true
59602,Tressin,2021,Appartement,1,1824.0,166000.0,91.0,false
59602,Tressin,2023,Appartement,1,2000.0,182000.0,91.0,false
59602,Tressin,2025,Appartement,1,1568.0,61150.0,39.0,false
59602,Tressin,2021,Maison,21,3133.0,255000.0,109.0,true
59602,Tressin,2022,Maison,12,3665.0,330000.0,85.0,true
59602,Tressin,2023,Maison,16,3293.0,263750.0,89.0,true
59602,Tressin,2024,Maison,13,3101.0,295000.0,100.0,true
59602,Tressin,2025,Maison,15,3088.0,395300.0,113.0,true
59609,Vendeville,2021,Appartement,8,2955.0,176450.0,64.0,false
59609,Vendeville,2022,Appartement,15,3703.0,187000.0,58.0,true
59609,Vendeville,2023,Appartement,2,2363.0,172330.0,73.0,false
59609,Vendeville,2024,Appartement,4,2325.0,154710.0,66.0,false
59609,Vendeville,2025,Appartement,2,2137.0,152500.0,72.0,false
59609,Vendeville,2021,Maison,21,2783.0,265970.0,96.0,true
59609,Vendeville,2022,Maison,14,3090.0,279277.0,90.0,true
59609,Vendeville,2023,Maison,21,2977.0,280000.0,90.0,true
59609,Vendeville,2024,Maison,14,3167.0,321000.0,94.0,true
59609,Vendeville,2025,Maison,10,2875.0,292500.0,96.0,true
59611,Verlinghem,2022,Appartement,1,3511.0,165000.0,47.0,false
59611,Verlinghem,2023,Appartement,2,3664.0,176250.0,48.0,false
59611,Verlinghem,2025,Appartement,1,4032.0,379000.0,94.0,false
59611,Verlinghem,2021,Maison,29,3352.0,323400.0,100.0,true
59611,Verlinghem,2022,Maison,21,3656.0,320000.0,92.0,true
59611,Verlinghem,2023,Maison,15,3570.0,341100.0,94.0,true
59611,Verlinghem,2024,Maison,20,3155.0,314535.0,106.0,true
59611,Verlinghem,2025,Maison,28,3637.0,367175.0,102.0,true
59636,Wambrechies,2021,Appartement,41,3392.0,229400.0,72.0,true
59636,Wambrechies,2022,Appartement,56,3636.0,198400.0,57.0,true
59636,Wambrechies,2023,Appartement,57,3609.0,225000.0,67.0,true
59636,Wambrechies,2024,Appartement,44,3585.0,222625.0,67.0,true
59636,Wambrechies,2025,Appartement,52,3664.0,186500.0,54.0,true
59636,Wambrechies,2021,Maison,136,3295.0,306085.0,95.0,true
59636,Wambrechies,2022,Maison,124,3565.0,317450.0,92.0,true
59636,Wambrechies,2023,Maison,100,3490.0,297500.0,91.0,true
59636,Wambrechies,2024,Maison,70,3257.0,328925.0,101.0,true
59636,Wambrechies,2025,Maison,109,3418.0,348500.0,103.0,true
59643,Warneton,2021,Maison,3,2773.0,320000.0,122.0,false
59643,Warneton,2022,Maison,1,537.0,44047.0,82.0,false
59643,Warneton,2023,Maison,3,2330.0,200410.0,86.0,false
59643,Warneton,2024,Maison,2,1438.0,109000.0,77.0,false
59643,Warneton,2025,Maison,1,1250.0,150000.0,120.0,false
59646,Wasquehal,2021,Appartement,83,2945.0,168000.0,62.0,true
59646,Wasquehal,2022,Appartement,86,3293.0,169500.0,52.0,true
59646,Wasquehal,2023,Appartement,59,3219.0,157240.0,49.0,true
59646,Wasquehal,2024,Appartement,54,3152.0,157700.0,50.0,true
59646,Wasquehal,2025,Appartement,63,3214.0,170000.0,63.0,true
59646,Wasquehal,2021,Maison,291,3183.0,285000.0,92.0,true
59646,Wasquehal,2022,Maison,237,3295.0,300000.0,90.0,true
59646,Wasquehal,2023,Maison,183,3199.0,302400.0,90.0,true
59646,Wasquehal,2024,Maison,166,3324.0,290250.0,90.0,true
59646,Wasquehal,2025,Maison,175,3144.0,282750.0,92.0,true
59648,Wattignies,2021,Appartement,91,1521.0,97850.0,62.0,true
59648,Wattignies,2022,Appartement,99,2270.0,126000.0,53.0,true
59648,Wattignies,2023,Appartement,78,2134.0,119450.0,53.0,true
59648,Wattignies,2024,Appartement,56,1718.0,98000.0,53.0,true
59648,Wattignies,2025,Appartement,72,2240.0,124950.0,57.0,true
59648,Wattignies,2021,Maison,112,2415.0,210000.0,93.0,true
59648,Wattignies,2022,Maison,114,2526.0,218439.0,93.0,true
59648,Wattignies,2023,Maison,81,2444.0,218200.0,94.0,true
59648,Wattignies,2024,Maison,85,2258.0,210000.0,95.0,true
59648,Wattignies,2025,Maison,122,2558.0,223500.0,96.0,true
59650,Wattrelos,2021,Appartement,56,2331.0,127065.0,60.0,true
59650,Wattrelos,2022,Appartement,57,1987.0,127000.0,59.0,true
59650,Wattrelos,2023,Appartement,57,1989.0,120000.0,64.0,true
59650,Wattrelos,2024,Appartement,34,1605.0,102000.0,59.0,true
59650,Wattrelos,2025,Appartement,56,1950.0,123075.0,66.0,true
59650,Wattrelos,2021,Maison,515,1875.0,153000.0,80.0,true
59650,Wattrelos,2022,Maison,424,2002.0,164000.0,81.0,true
59650,Wattrelos,2023,Maison,312,1950.0,156465.0,80.0,true
59650,Wattrelos,2024,Maison,313,1831.0,152000.0,82.0,true
59650,Wattrelos,2025,Maison,366,1950.0,164625.0,82.0,true
59653,Wavrin,2021,Appartement,5,2680.0,175000.0,70.0,false
59653,Wavrin,2022,Appartement,6,2120.0,170225.0,87.0,false
59653,Wavrin,2024,Appartement,2,1930.0,138750.0,71.0,false
59653,Wavrin,2025,Appartement,1,1924.0,177000.0,92.0,false
59653,Wavrin,2021,Maison,95,2401.0,215500.0,86.0,true
59653,Wavrin,2022,Maison,94,2679.0,217500.0,85.0,true
59653,Wavrin,2023,Maison,68,2460.0,203800.0,86.0,true
59653,Wavrin,2024,Maison,58,2543.0,208950.0,81.0,true
59653,Wavrin,2025,Maison,87,2530.0,210000.0,86.0,true
59656,Wervicq-Sud,2021,Appartement,47,3521.0,167272.0,48.0,true
59656,Wervicq-Sud,2022,Appartement,19,3203.0,162400.0,45.0,true
59656,Wervicq-Sud,2023,Appartement,7,2774.0,138000.0,56.0,false
59656,Wervicq-Sud,2024,Appartement,14,2532.0,164565.0,65.0,true
59656,Wervicq-Sud,2025,Appartement,11,2527.0,168572.0,65.0,true
59656,Wervicq-Sud,2021,Maison,50,2672.0,240850.0,94.0,true
59656,Wervicq-Sud,2022,Maison,36,2534.0,261520.0,104.0,true
59656,Wervicq-Sud,2023,Maison,19,2719.0,234300.0,93.0,true
59656,Wervicq-Sud,2024,Maison,31,2935.0,255250.0,94.0,true
59656,Wervicq-Sud,2025,Maison,38,2517.0,233650.0,94.0,true
59658,Wicres,2021,Maison,4,2401.0,279500.0,111.0,false
59658,Wicres,2022,Maison,5,2329.0,347000.0,104.0,false
59658,Wicres,2023,Maison,4,2774.0,342000.0,128.0,false
59658,Wicres,2024,Maison,4,2268.0,195850.0,90.0,false
59658,Wicres,2025,Maison,2,2185.0,229000.0,109.0,false
59660,Willems,2023,Appartement,1,3240.0,162000.0,50.0,false
59660,Willems,2024,Appartement,1,2833.0,85000.0,30.0,false
59660,Willems,2025,Appartement,2,3466.0,152500.0,45.0,false
59660,Willems,2021,Maison,34,2954.0,308000.0,103.0,true
59660,Willems,2022,Maison,31,2876.0,269000.0,88.0,true
59660,Willems,2023,Maison,28,2824.0,275200.0,97.0,true
59660,Willems,2024,Maison,34,2744.0,272500.0,98.0,true
59660,Willems,2025,Maison,20,2481.0,263455.0,97.0,true
59670,Don,2024,Appartement,1,1849.0,98000.0,53.0,false
59670,Don,2025,Appartement,2,2903.0,136200.0,48.0,false
59670,Don,2021,Maison,20,2305.0,233179.0,104.0,true
59670,Don,2022,Maison,13,2300.0,252000.0,100.0,true
59670,Don,2023,Maison,9,2413.0,238845.0,102.0,false
59670,Don,2024,Maison,14,2054.0,196500.0,94.0,true
59670,Don,2025,Maison,17,2395.0,220000.0,82.0,true
